postcode,lga_code
0800,71000
0800,79399
0810,71000
0812,71000
0820,71000
0822,70540
0822,70700
0822,71000
0822,71300
0822,72200
0822,72300
0822,73600
0822,74050
0822,74500
0822,74560
0822,74660
0822,79399
0828,71000
0828,72300
0828,79399
0829,72300
0829,72800
0830,72300
0830,72800
0832,72300
0832,72800
0835,72300
0836,72300
0837,72300
0838,72300
0840,79399
0841,72300
0845,70700
0846,70700
0847,74500
0850,72200
0850,73600
0852,53920
0852,59340
0852,70420
0852,70620
0852,72200
0852,73600
0852,74500
0853,72200
0854,73600
0860,70420
0862,70420
0862,73600
0870,70200
0872,40250
0872,53220
0872,56620
0872,70420
0872,70620
0872,72330
0872,79399
0880,71300
0880,79399
0885,79399
0886,74660
0909,71000
2000,17200
2006,17200
2007,17200
2008,17200
2009,17200
2010,17200
2011,17200
2015,17200
2016,17200
2017,17200
2018,11100
2018,17200
2019,11100
2020,11100
2021,17200
2021,18500
2022,18050
2023,18500
2024,18050
2025,18500
2026,18050
2027,18500
2028,18500
2029,18050
2029,18500
2030,18050
2030,18500
2031,16550
2032,11100
2032,16550
2033,16550
2033,17200
2034,16550
2035,11100
2035,16550
2036,11100
2036,16550
2037,17200
2038,14800
2038,17200
2039,14800
2040,14800
2041,14800
2042,15200
2042,17200
2043,17200
2044,15200
2044,17200
2045,10150
2045,14800
2046,11520
2047,11520
2048,14800
2048,15200
2049,15200
2050,15200
2050,17200
2052,16550
2060,15950
2061,15950
2062,15950
2063,18250
2064,18250
2065,14700
2065,15950
2065,18250
2066,14700
2066,18250
2067,16700
2067,18250
2068,18250
2069,14500
2069,18250
2070,14500
2071,14500
2072,14500
2073,14500
2074,14500
2075,14500
2076,14000
2076,14500
2077,14000
2079,14000
2080,14000
2081,14000
2082,14000
2083,13100
2083,14000
2084,16370
2084,18000
2085,18000
2086,18000
2087,18000
2088,15350
2089,15950
2090,15950
2092,15150
2093,15150
2093,18000
2094,15150
2095,15150
2096,18000
2097,18000
2099,18000
2100,18000
2101,16370
2101,18000
2102,16370
2103,16370
2104,16370
2105,16370
2106,16370
2107,16370
2108,16370
2109,16700
2110,14100
2110,16700
2111,14100
2111,16700
2112,16700
2113,16700
2114,16250
2114,16700
2115,16250
2116,16250
2117,16250
2117,17420
2118,14000
2118,16250
2118,17420
2119,14000
2120,14000
2121,14000
2121,16250
2122,14000
2122,16250
2122,16700
2123,16250
2125,14000
2125,17420
2126,14000
2127,10200
2128,10200
2129,17100
2130,10150
2130,15200
2131,10150
2132,10150
2132,11300
2133,10150
2133,11300
2133,11550
2133,17100
2134,11300
2135,11300
2135,11520
2135,17100
2136,11300
2136,17100
2137,11520
2138,11520
2139,11520
2140,17100
2141,10200
2142,13950
2142,16250
2143,10200
2143,10350
2144,10200
2145,13950
2145,16250
2146,10750
2146,13950
2146,16250
2147,10750
2148,10750
2150,13950
2150,16250
2151,16250
2151,17420
2152,16250
2152,17420
2153,10750
2153,16250
2153,17420
2154,14000
2154,17420
2155,10750
2155,17420
2156,14000
2156,17420
2157,14000
2157,17420
2158,14000
2158,17420
2159,14000
2160,13950
2160,16250
2161,12850
2161,13950
2161,16250
2162,10350
2162,16250
2163,10350
2163,12850
2164,12850
2164,13950
2165,12850
2165,13950
2166,12850
2167,11500
2168,14900
2170,12850
2170,14900
2171,12850
2171,14900
2172,14900
2172,17150
2173,11500
2173,14900
2174,14900
2175,12850
2176,12850
2177,12850
2177,14900
2178,12850
2178,14900
2178,16350
2179,11450
2179,14900
2190,10350
2190,17100
2191,11550
2191,17100
2192,11550
2193,10150
2193,11550
2194,11550
2195,11550
2196,10350
2196,11550
2197,10350
2198,10350
2199,10350
2200,10350
2203,15200
2204,11550
2204,15200
2205,16650
2206,11550
2207,16650
2208,11550
2208,14150
2208,16650
2209,11550
2209,14150
2210,11550
2210,14150
2211,10350
2212,10350
2213,10350
2214,10350
2216,16650
2217,14450
2217,16650
2218,14150
2218,14450
2218,16650
2219,14450
2219,16650
2220,14150
2220,14450
2221,14450
2222,14150
2222,14450
2223,14150
2223,14450
2224,17150
2225,17150
2226,17150
2227,17150
2228,17150
2229,17150
2230,17150
2231,17150
2232,17150
2233,17150
2234,17150
2250,11720
2250,13100
2250,18550
2251,13100
2256,13100
2257,13100
2258,13100
2258,18550
2259,14650
2259,18550
2260,13100
2260,18550
2261,18550
2262,18550
2263,18550
2264,14650
2265,14650
2267,14650
2278,14650
2280,14650
2281,14650
2282,14650
2283,14650
2284,14650
2285,14650
2286,14650
2287,14650
2287,15900
2289,14650
2289,15900
2290,14650
2291,15900
2292,15900
2293,15900
2294,15900
2295,15900
2295,16400
2296,15900
2297,15900
2298,15900
2299,15900
2300,15900
2302,15900
2303,15900
2304,15900
2305,14650
2305,15900
2306,14650
2307,15900
2308,15900
2311,12700
2311,17000
2312,13320
2312,13380
2314,16400
2315,16400
2316,16400
2317,16400
2318,16400
2319,16400
2320,11720
2320,12700
2320,15050
2320,16400
2320,17000
2321,11720
2321,12700
2321,15050
2321,16400
2322,11720
2322,15050
2322,15900
2322,16400
2323,11720
2323,14650
2323,15050
2324,13320
2324,15050
2324,16400
2325,11720
2325,17000
2326,11720
2326,15050
2327,11720
2328,15650
2329,17620
2329,18020
2330,15650
2330,17000
2331,17000
2333,15650
2333,17620
2334,11720
2334,15050
2335,11720
2335,15050
2335,17000
2336,15650
2336,17620
2337,17620
2338,14920
2338,17310
2338,17620
2339,14920
2340,13550
2340,17310
2341,13550
2341,14920
2342,13550
2342,14920
2342,17310
2343,13550
2343,14920
2344,17310
2345,17310
2346,17310
2347,13660
2347,15750
2347,17310
2350,10110
2350,13650
2350,17650
2351,10110
2352,17310
2353,17310
2354,17310
2354,17650
2354,17850
2355,17310
2356,15750
2357,18020
2358,17650
2359,13650
2359,13660
2359,17310
2359,17650
2360,13650
2360,13660
2360,14200
2361,14200
2365,10110
2365,13010
2365,13650
2365,14200
2369,13650
2369,14200
2370,11730
2370,13010
2370,14200
2371,13010
2371,14200
2371,17400
2372,17400
2372,36660
2379,13550
2379,18020
2380,13550
2381,13550
2381,14920
2381,18020
2382,13550
2382,15750
2386,15750
2386,17900
2387,15300
2387,15750
2387,17900
2388,15750
2388,17900
2390,13660
2390,15300
2390,15750
2395,18020
2396,18020
2397,15300
2397,15750
2398,15300
2399,13660
2399,15300
2400,13660
2400,15300
2401,13660
2401,15300
2402,13660
2402,14200
2403,13660
2403,14200
2404,13660
2405,15300
2406,15300
2406,30300
2406,33610
2408,13660
2409,13660
2409,14200
2409,15300
2410,13660
2410,14200
2411,13660
2415,13320
2420,12700
2420,13320
2421,12700
2421,15050
2422,13050
2422,13320
2422,13380
2423,13320
2423,13380
2424,13050
2424,13380
2425,13320
2426,13380
2427,13380
2428,13320
2429,13320
2429,13380
2429,16380
2430,13320
2430,13380
2431,14350
2439,16380
2440,10110
2440,14350
2441,10600
2441,11800
2441,14350
2441,15700
2441,16380
2443,13380
2443,16380
2444,16380
2445,16380
2446,16380
2447,15700
2448,10600
2448,15700
2449,10600
2449,15700
2450,11730
2450,11800
2452,11800
2453,10110
2453,10600
2453,11730
2453,13650
2454,10600
2454,11800
2454,15700
2455,10600
2456,11730
2456,11800
2460,11730
2460,11800
2462,11730
2463,11730
2464,11730
2465,11730
2466,11730
2469,11730
2469,14550
2469,16610
2469,17400
2470,14550
2470,14850
2470,16610
2471,14850
2471,16610
2472,10250
2472,14850
2472,16610
2473,16610
2474,14550
2475,14550
2475,17400
2476,14550
2476,17400
2477,10250
2477,14850
2478,10250
2479,10250
2479,11350
2480,10250
2480,11350
2480,14550
2480,14850
2480,16610
2481,10250
2481,11350
2482,11350
2483,11350
2483,17550
2484,17550
2485,17550
2486,17550
2487,17550
2488,17550
2489,17550
2490,17550
2500,18450
2502,18450
2505,18450
2506,18450
2508,18400
2508,18450
2515,18450
2516,18450
2517,18450
2518,18450
2519,18450
2522,18450
2525,18450
2526,18450
2527,14400
2527,16900
2528,16900
2528,18450
2529,16900
2530,18450
2533,14400
2534,14400
2535,14400
2535,16950
2536,12750
2536,16950
2537,12750
2538,16950
2539,16950
2540,16950
2540,99399
2541,16950
2545,12750
2546,10550
2546,12750
2548,10550
2549,10550
2550,10550
2551,10550
2551,11000
2555,14900
2555,16350
2556,11450
2556,14900
2557,11450
2557,14900
2558,11500
2559,11500
2560,11500
2560,18400
2563,11500
2564,11500
2565,11500
2565,14900
2566,11500
2567,11450
2568,11500
2568,18400
2569,18400
2570,11450
2570,18400
2571,18350
2571,18400
2572,18400
2573,18400
2574,18400
2575,18350
2576,18350
2577,14400
2577,16900
2577,16950
2577,18350
2578,18350
2579,13310
2579,17640
2579,18350
2580,13310
2580,16100
2580,16180
2580,17640
2580,18350
2581,13310
2581,16180
2581,17640
2581,18710
2582,13700
2582,17640
2582,18710
2583,10470
2583,11050
2583,17640
2584,13700
2584,18710
2585,13700
2586,11050
2586,18750
2587,13700
2588,12200
2590,12200
2590,14300
2594,12200
2594,13700
2594,18100
2594,18750
2600,89399
2601,89399
2602,89399
2603,89399
2604,89399
2605,89399
2606,89399
2607,89399
2609,89399
2611,17500
2611,18710
2611,89399
2612,89399
2614,89399
2615,89399
2617,89399
2618,18710
2618,89399
2619,16470
2620,12050
2620,16180
2620,16470
2620,18710
2620,89399
2621,12050
2621,16180
2621,18710
2622,12050
2622,12750
2622,13310
2622,16180
2622,16950
2623,16180
2624,17450
2625,17050
2626,12050
2627,17050
2628,17050
2629,12050
2629,17050
2629,17500
2630,11000
2630,12050
2630,17050
2631,11000
2631,12050
2632,10550
2632,11000
2633,11000
2640,10050
2640,13340
2640,17450
2641,10050
2642,13340
2642,14950
2642,17450
2642,17700
2642,26670
2643,12300
2644,13340
2644,17450
2644,17750
2645,14950
2645,17700
2646,10650
2646,12300
2646,13340
2646,14250
2646,17700
2647,10650
2647,12300
2648,18200
2648,19399
2649,17450
2649,17500
2650,13340
2650,14300
2650,15800
2650,17750
2651,17750
2652,11600
2652,12000
2652,13340
2652,13450
2652,14300
2652,14950
2652,15800
2652,17450
2652,17700
2652,17750
2653,17450
2653,17500
2655,14950
2655,17750
2656,14950
2656,17750
2658,13340
2658,14950
2659,13340
2659,14950
2660,13340
2661,17750
2663,12000
2663,14300
2665,10800
2665,11600
2665,12000
2665,15800
2665,17350
2666,10800
2666,14300
2666,17350
2666,18750
2668,10800
2668,17350
2669,10800
2669,11600
2669,14600
2671,10800
2671,12900
2671,14600
2672,11750
2672,14600
2675,11600
2678,17750
2680,11600
2680,13450
2681,11600
2681,13450
2700,14250
2700,14750
2700,15800
2700,17700
2701,12000
2702,12000
2702,17750
2703,14750
2705,13450
2705,14750
2705,15550
2705,15800
2706,15550
2707,14250
2707,15550
2710,11860
2710,12500
2710,13850
2710,14250
2710,15500
2710,17800
2711,10300
2711,11600
2711,13850
2711,15550
2711,17800
2712,10650
2712,14250
2713,10650
2713,11860
2713,14250
2714,10650
2714,11860
2714,15500
2714,24900
2715,10300
2715,18200
2715,26610
2716,11860
2716,14250
2717,18200
2720,17500
2721,10800
2721,18100
2722,12200
2722,13500
2722,17500
2725,12200
2725,17350
2726,13700
2727,12200
2727,13500
2729,13500
2729,14300
2729,17500
2730,17450
2730,17500
2731,15500
2732,15500
2732,17800
2732,22250
2733,11860
2733,17800
2734,10300
2734,17800
2735,17800
2735,26610
2736,17800
2737,10300
2738,18200
2739,18200
2745,11450
2745,14900
2745,16350
2745,18400
2747,10750
2747,16350
2748,16350
2749,16350
2750,16350
2752,18400
2753,13800
2753,16350
2754,13800
2755,13800
2756,13800
2756,14000
2756,16350
2756,17420
2757,13800
2758,10900
2758,13800
2759,16350
2760,10750
2760,16350
2761,10750
2762,10750
2763,10750
2765,10750
2765,13800
2765,16350
2765,17420
2766,10750
2767,10750
2768,10750
2769,10750
2770,10750
2773,10900
2774,10900
2775,13100
2775,13800
2775,14000
2775,17420
2776,10900
2777,10900
2778,10900
2779,10900
2780,10900
2782,10900
2783,10900
2784,10900
2785,10900
2785,14870
2786,10900
2786,14870
2787,10470
2787,10900
2787,14870
2787,16100
2787,17640
2787,18400
2790,10900
2790,14870
2790,16100
2791,10850
2792,10850
2792,12350
2793,12350
2794,11050
2794,12350
2794,18100
2795,10470
2795,10850
2795,11400
2795,14870
2795,15270
2795,16100
2797,10850
2798,10850
2798,11400
2798,16150
2799,10470
2799,10850
2799,11400
2799,12350
2800,10850
2800,11400
2800,16150
2800,18150
2803,18750
2804,11400
2804,12350
2805,11400
2805,12350
2805,12900
2806,11400
2806,12900
2807,12350
2807,18750
2808,11050
2808,12350
2808,17640
2809,18100
2810,12900
2810,18100
2820,18150
2821,15850
2823,15850
2823,16200
2823,17950
2824,17950
2825,10950
2825,14600
2825,17950
2827,12950
2827,17950
2828,12150
2828,12950
2829,12150
2829,18020
2830,12600
2830,12950
2830,18150
2831,10950
2831,11150
2831,11200
2831,11750
2831,12150
2831,12600
2831,12950
2831,17900
2831,17950
2831,18020
2831,18150
2832,11200
2832,17900
2833,15300
2833,17900
2834,17900
2835,10950
2835,11750
2836,11700
2836,19399
2839,11200
2840,11150
2840,11200
2840,11700
2840,11750
2840,19399
2842,12950
2842,18020
2843,18020
2844,15270
2844,18020
2845,14870
2846,14870
2846,15270
2847,14870
2848,14870
2848,15270
2849,14870
2849,15270
2850,10470
2850,15270
2850,17620
2850,18150
2852,15270
2852,18150
2864,11400
2865,11400
2866,11400
2866,18150
2867,11400
2867,18150
2868,11400
2868,18150
2869,15850
2869,16200
2870,11400
2870,12900
2870,16200
2871,12900
2871,14600
2871,16200
2871,18100
2873,14600
2874,14600
2874,16200
2875,12900
2875,14600
2875,16200
2876,16200
2877,11750
2877,12900
2877,14600
2878,10300
2878,11600
2878,11700
2879,11700
2879,19399
2880,11250
2880,19399
2898,19399
2900,16180
2900,89399
2902,89399
2903,89399
2904,89399
2905,89399
2906,89399
2911,89399
2912,89399
2913,89399
2914,89399
3000,24600
3002,24600
3003,24600
3004,24600
3004,25900
3005,24600
3006,24600
3006,25900
3008,24600
3010,24600
3011,24330
3012,21180
3012,23110
3012,24330
3013,24330
3015,23110
3016,23110
3018,23110
3019,24330
3020,21180
3021,21180
3022,21180
3023,21180
3023,24650
3024,24650
3024,27260
3025,23110
3026,23110
3026,27260
3027,27260
3028,23110
3028,27260
3029,24650
3029,27260
3030,21180
3030,27260
3031,24600
3031,25060
3032,24330
3032,25060
3033,21180
3033,25060
3034,25060
3036,21180
3036,23270
3037,21180
3037,24650
3038,21180
3039,25060
3040,25060
3041,25060
3042,21180
3042,25060
3043,21180
3043,23270
3043,25250
3044,25250
3045,23270
3046,25250
3047,23270
3048,23270
3049,23270
3050,24600
3051,24600
3052,24600
3052,25250
3053,24600
3054,24600
3054,25250
3054,27350
3055,25250
3056,25250
3057,25250
3058,21890
3058,25250
3059,23270
3060,23270
3060,25250
3061,23270
3062,23270
3063,23270
3064,23270
3064,27070
3065,27350
3066,27350
3067,27350
3068,25250
3068,27350
3070,21890
3071,21890
3072,21890
3073,21890
3074,27070
3075,27070
3076,27070
3078,21890
3078,27350
3079,20660
3081,20660
3082,27070
3083,20660
3083,21890
3083,27070
3084,20660
3085,20660
3085,21890
3086,21890
3087,20660
3088,20660
3088,25710
3089,25710
3090,25710
3091,25710
3093,20660
3094,20660
3095,20660
3095,25710
3096,25710
3097,25710
3099,25710
3101,21110
3101,27350
3102,21110
3103,21110
3104,21110
3104,26980
3105,24210
3106,24210
3107,24210
3108,24210
3109,24210
3111,24210
3113,24210
3113,25710
3114,24210
3114,24410
3115,24210
3115,24410
3115,27450
3116,27450
3121,27350
3122,21110
3123,21110
3124,21110
3125,24970
3125,26980
3126,21110
3127,21110
3127,26980
3128,26980
3129,26980
3130,26980
3131,24210
3131,26980
3132,26980
3133,24410
3133,26980
3134,24210
3134,24410
3135,24410
3136,24410
3137,24410
3137,27450
3138,27450
3139,21450
3139,27450
3140,27450
3141,24600
3141,26350
3142,21110
3142,26350
3143,26350
3144,26350
3145,21110
3145,22310
3145,26350
3146,21110
3146,26350
3147,21110
3147,24970
3148,24970
3149,24970
3150,24970
3151,26980
3152,23670
3153,23670
3153,24410
3154,23670
3155,23670
3156,21610
3156,23670
3156,27450
3158,27450
3159,21450
3159,27450
3160,27450
3161,22310
3162,22310
3163,22310
3165,22310
3166,24970
3167,23430
3167,24970
3168,24970
3169,23430
3170,24970
3171,22670
3172,22670
3172,23430
3173,22670
3174,22670
3175,22670
3175,23430
3177,21610
3178,23670
3179,23670
3180,23670
3181,25900
3181,26350
3182,25900
3183,22310
3183,25900
3184,25900
3185,22310
3185,25900
3186,20910
3187,20910
3187,22310
3188,20910
3189,23430
3190,20910
3190,23430
3191,20910
3192,20910
3192,23430
3193,20910
3194,23430
3195,23430
3196,23430
3197,22170
3197,23430
3198,22170
3199,22170
3200,22170
3201,22170
3202,23430
3204,22310
3205,25900
3206,25900
3207,24600
3207,25900
3211,22750
3211,27260
3212,22750
3214,22750
3215,22750
3216,22750
3216,26490
3217,22750
3218,22750
3219,22750
3220,22750
3221,21750
3221,22490
3221,22750
3221,26490
3222,22750
3223,22750
3224,22750
3225,22750
3225,26080
3226,22750
3227,22750
3227,26490
3228,26490
3230,26490
3231,26490
3232,26490
3233,21750
3235,21750
3235,26490
3236,21750
3237,21750
3237,21830
3238,21750
3239,21750
3239,21830
3240,26490
3241,21750
3241,26490
3242,21750
3242,26490
3243,21750
3249,21750
3249,21830
3250,21750
3251,21750
3251,21830
3254,21750
3260,21750
3260,21830
3264,21830
3264,25490
3265,21830
3265,25490
3266,21750
3266,21830
3267,21830
3268,21830
3268,25490
3269,21830
3270,21830
3270,25490
3271,20260
3271,21830
3271,25490
3272,20260
3272,25490
3273,25490
3274,25490
3275,25490
3276,25490
3277,25490
3277,26730
3278,25490
3279,25490
3280,25490
3280,26730
3281,25490
3281,26730
3282,25490
3282,26730
3283,25490
3283,26730
3284,25490
3285,22410
3285,25490
3286,25490
3287,25490
3289,25490
3289,26260
3292,22410
3293,20260
3293,25490
3293,26260
3294,20260
3294,26260
3300,26260
3301,22410
3301,25490
3301,26260
3302,22410
3302,26260
3303,22410
3303,25490
3304,22410
3304,25490
3305,22410
3309,22410
3310,22410
3311,22410
3312,22410
3312,26260
3312,26890
3314,26260
3315,22410
3315,26260
3317,26260
3317,26890
3318,26890
3318,45090
3319,26890
3321,21750
3321,22490
3321,26490
3322,21750
3322,21830
3322,22490
3323,21830
3324,21830
3324,22490
3325,21830
3325,25990
3328,22490
3329,21750
3329,22490
3330,22490
3331,22490
3332,22490
3333,22490
3333,25150
3334,22490
3334,25150
3335,24650
3337,24130
3337,24650
3338,24650
3338,27260
3340,22750
3340,24650
3340,25150
3341,25150
3342,22490
3342,25150
3345,25150
3350,20570
3351,20260
3351,20570
3351,22490
3351,25490
3351,25990
3352,20570
3352,21830
3352,22490
3352,22910
3352,25150
3352,25990
3355,20570
3356,20570
3357,20570
3357,25150
3360,21830
3360,22490
3360,25990
3361,20260
3361,21830
3361,25990
3363,20570
3363,22910
3364,20570
3364,21670
3364,22910
3364,25150
3364,25430
3370,21670
3370,22910
3371,21670
3371,22910
3371,25990
3373,20260
3373,25990
3374,20260
3374,25810
3375,20260
3375,25990
3377,20260
3377,25810
3377,25990
3378,20260
3379,20260
3379,25490
3380,25810
3381,20260
3381,25810
3384,25810
3384,25990
3385,23190
3385,25810
3385,27630
3387,25810
3388,25810
3388,27630
3390,23190
3390,27630
3391,27630
3392,27630
3393,21270
3393,22980
3393,27630
3395,21270
3395,22980
3395,27630
3396,27630
3400,23190
3401,22980
3401,23190
3401,26260
3401,26890
3401,27630
3407,26260
3409,23190
3409,26890
3412,26890
3413,26890
3414,22980
3415,26890
3418,22980
3418,26890
3419,22980
3419,26890
3420,26890
3423,22980
3424,22980
3424,27630
3427,23270
3427,24650
3428,23270
3429,23270
3429,24130
3430,23270
3430,24130
3431,23270
3431,24130
3432,24130
3433,24130
3434,24130
3435,24130
3435,24850
3437,24130
3438,24130
3440,24130
3441,24130
3442,24130
3444,22620
3444,22910
3444,24130
3444,24850
3444,25430
3446,22910
3446,24130
3446,25430
3447,22910
3447,24130
3447,25430
3448,25430
3450,25430
3451,22910
3451,25430
3453,22620
3453,25430
3458,22910
3458,24130
3458,25150
3460,22910
3461,22910
3461,24130
3461,25150
3461,25430
3462,21670
3462,25430
3463,22620
3463,23940
3463,25430
3464,21670
3464,25430
3465,21670
3465,25430
3465,25810
3465,25990
3467,25990
3468,25990
3469,20260
3469,25990
3472,21670
3472,23940
3472,25430
3475,21670
3475,23940
3475,25810
3477,21270
3477,23940
3477,25810
3477,25990
3478,21270
3478,25810
3478,25990
3480,21270
3480,25810
3480,27630
3482,21270
3483,21270
3485,21270
3485,27630
3487,21270
3487,27630
3488,21270
3488,27630
3489,24780
3489,27630
3490,18200
3490,24780
3491,24780
3491,27630
3494,18200
3494,24780
3496,24780
3498,18200
3498,24780
3500,24780
3501,18200
3501,24780
3505,18200
3505,24780
3506,24780
3507,24780
3509,24780
3512,24780
3515,22620
3515,23940
3516,22620
3516,23940
3517,23940
3518,21270
3518,23940
3520,23940
3521,24850
3522,24850
3523,21370
3523,22620
3523,24850
3523,26430
3525,21270
3525,23940
3527,21270
3527,22250
3527,23940
3529,21270
3530,21270
3531,21270
3533,21270
3533,24780
3533,26610
3537,23940
3540,22250
3542,21270
3542,22250
3544,21270
3544,26610
3546,26610
3549,10300
3549,26610
3550,22620
3551,21370
3551,22620
3551,23940
3555,22620
3556,22620
3556,23940
3557,21370
3557,22620
3558,21370
3558,22620
3559,21370
3559,22620
3561,21370
3562,21370
3563,21370
3564,15500
3564,21370
3565,21370
3566,21370
3567,22250
3567,23940
3568,22250
3570,22620
3570,23940
3571,23940
3572,21370
3572,23940
3573,21370
3573,23940
3575,23940
3576,23940
3579,17800
3579,22250
3579,23940
3579,26610
3580,22250
3581,22250
3583,26610
3584,26610
3585,17800
3585,22250
3585,26610
3586,17800
3586,26610
3588,26610
3589,26610
3590,26610
3591,26610
3594,26610
3595,26610
3596,26610
3597,26610
3599,26610
3607,26430
3608,22830
3608,26430
3610,22830
3610,26430
3612,21370
3612,26430
3614,22830
3616,22830
3617,22830
3618,22830
3620,21370
3620,22830
3621,21370
3622,21370
3623,21370
3623,22830
3624,21370
3629,22830
3630,22830
3631,22830
3631,26430
3633,22830
3634,22830
3634,24900
3635,24900
3636,24900
3637,24900
3638,24900
3639,15500
3639,21370
3639,24900
3640,24900
3641,24900
3644,10650
3644,24900
3646,22830
3646,24900
3646,26430
3647,22830
3649,24900
3658,24850
3658,25620
3659,24850
3660,24850
3660,25620
3662,24850
3663,24850
3663,26430
3664,24850
3664,26430
3665,26430
3666,24850
3666,25620
3666,26430
3669,21010
3669,22830
3669,24250
3669,26430
3670,21010
3670,26430
3672,21010
3673,21010
3673,26700
3675,21010
3675,24900
3675,26700
3677,26700
3678,24900
3678,26700
3682,23350
3682,26700
3683,23350
3685,23350
3685,24900
3685,26700
3687,23350
3688,23350
3690,27170
3691,10050
3691,20110
3691,23350
3691,26670
3691,27170
3694,10050
3694,27170
3695,23350
3695,26670
3697,20110
3698,20110
3699,20110
3699,29399
3700,26670
3701,22110
3701,26670
3704,26670
3705,26670
3707,17450
3707,26670
3708,26670
3709,13340
3709,17450
3709,26670
3711,25620
3712,25620
3713,24250
3713,25620
3714,25620
3715,24250
3715,25620
3717,25620
3718,25620
3719,24250
3719,25620
3720,24250
3722,24250
3722,29399
3723,21010
3723,24250
3723,26700
3723,29399
3725,21010
3725,22830
3726,21010
3727,24900
3728,24900
3730,24900
3732,26700
3733,26700
3735,26700
3737,20110
3737,23350
3738,20110
3739,20110
3740,20110
3741,20110
3741,29399
3744,20110
3746,26700
3747,23350
3747,26700
3749,23350
3750,27070
3751,27070
3752,27070
3753,24850
3753,27070
3754,25710
3754,27070
3755,25710
3755,27070
3756,24130
3756,24850
3757,25620
3757,27070
3758,24850
3759,25710
3760,25710
3761,25710
3762,24130
3762,24850
3763,25620
3763,25710
3764,24130
3764,24850
3765,27450
3766,27450
3767,27450
3770,27450
3775,25710
3775,27450
3777,25620
3777,27450
3778,25620
3779,25620
3779,29399
3781,21450
3782,21450
3782,27450
3783,21450
3785,27450
3786,27450
3787,23670
3787,27450
3788,27450
3789,27450
3791,27450
3792,27450
3793,27450
3795,27450
3796,27450
3797,27450
3799,27450
3800,24970
3802,21610
3803,21610
3804,21610
3804,27450
3805,21610
3806,21610
3807,21450
3807,21610
3808,21450
3809,21450
3810,21450
3812,21450
3813,21450
3814,21450
3815,21450
3816,20830
3816,21450
3818,20830
3820,20830
3821,20830
3822,20830
3823,20830
3824,20830
3824,23810
3824,26170
3825,20830
3825,23810
3831,20830
3832,20830
3833,20830
3833,27450
3833,29399
3835,20830
3835,26170
3840,23810
3842,23810
3844,23810
3844,26810
3847,26810
3850,26810
3851,26810
3852,26810
3854,23810
3854,26810
3856,23810
3856,26810
3857,23810
3857,26810
3858,26810
3859,26810
3860,26810
3862,22110
3862,26810
3864,22110
3864,26810
3865,22110
3869,23810
3870,23810
3870,26170
3870,26810
3871,20830
3871,23810
3871,26170
3873,26810
3874,26810
3875,22110
3878,22110
3880,22110
3882,22110
3885,22110
3886,22110
3887,22110
3888,22110
3889,22110
3890,22110
3891,22110
3892,22110
3893,22110
3895,22110
3896,22110
3898,20110
3898,22110
3900,22110
3902,22110
3903,22110
3904,22110
3909,22110
3910,22170
3911,22170
3911,25340
3912,21610
3912,25340
3913,25340
3915,25340
3916,25340
3918,25340
3919,25340
3920,25340
3921,29399
3922,20740
3923,20740
3925,20740
3926,25340
3927,25340
3928,25340
3929,25340
3930,25340
3931,25340
3933,25340
3934,25340
3936,25340
3937,25340
3938,25340
3939,25340
3940,25340
3941,25340
3942,25340
3943,25340
3944,25340
3945,20740
3945,26170
3946,26170
3950,20830
3950,26170
3951,20740
3951,26170
3953,20830
3953,26170
3954,26170
3956,26170
3957,26170
3958,26170
3959,26170
3960,26170
3962,26170
3962,26810
3964,26170
3965,26170
3966,26170
3966,26810
3967,26170
3967,26810
3971,26810
3975,21610
3975,22670
3976,21610
3977,21610
3977,22170
3978,21450
3978,21610
3979,20740
3980,21450
3980,21610
3981,20830
3981,21450
3984,20740
3984,21450
3984,26170
3987,21450
3987,26170
3988,20830
3988,26170
3990,20740
3991,20740
3992,20740
3995,20740
3996,20740
3996,26170
4000,31000
4005,31000
4006,31000
4007,31000
4008,31000
4009,31000
4010,31000
4011,31000
4012,31000
4013,31000
4014,31000
4017,31000
4018,31000
4019,35010
4020,35010
4021,35010
4022,35010
4025,31000
4029,31000
4030,31000
4031,31000
4032,31000
4034,31000
4035,31000
4035,35010
4036,31000
4037,35010
4051,31000
4053,31000
4053,35010
4054,31000
4054,35010
4055,31000
4055,35010
4059,31000
4060,31000
4061,31000
4064,31000
4065,31000
4066,31000
4067,31000
4068,31000
4069,31000
4070,31000
4070,33960
4072,31000
4073,31000
4074,31000
4075,31000
4076,31000
4077,31000
4078,31000
4101,31000
4102,31000
4103,31000
4104,31000
4105,31000
4106,31000
4107,31000
4108,31000
4109,31000
4110,31000
4111,31000
4112,31000
4113,31000
4114,34590
4115,31000
4116,31000
4117,31000
4117,34590
4118,34590
4119,34590
4120,31000
4121,31000
4122,31000
4123,31000
4123,34590
4124,33960
4124,34590
4125,34590
4127,31000
4127,34590
4128,34590
4129,34590
4130,34590
4131,34590
4132,34590
4133,34590
4151,31000
4152,31000
4153,31000
4154,31000
4155,31000
4156,31000
4157,31000
4157,36250
4158,36250
4159,36250
4160,36250
4161,36250
4163,36250
4164,36250
4165,36250
4169,31000
4170,31000
4171,31000
4172,31000
4173,31000
4174,31000
4178,31000
4179,31000
4183,36250
4184,36250
4205,34590
4207,33430
4207,34590
4208,33430
4209,33430
4210,33430
4211,33430
4211,36510
4212,33430
4213,33430
4214,33430
4215,33430
4216,33430
4217,33430
4218,33430
4219,33430
4220,33430
4221,33430
4223,33430
4224,33430
4225,33430
4226,33430
4227,33430
4228,33430
4229,33430
4230,33430
4270,34590
4270,36510
4271,33430
4271,36510
4272,36510
4275,36510
4280,34590
4285,34590
4285,36510
4287,36510
4300,31000
4300,33960
4301,33960
4303,33960
4304,33960
4305,33960
4305,36510
4306,31000
4306,33960
4306,36510
4306,36580
4306,36630
4306,36910
4307,33960
4307,36510
4309,36510
4310,36510
4311,34580
4311,36580
4312,36580
4313,36580
4340,33960
4340,34580
4340,36510
4341,34580
4342,34580
4342,36580
4343,34580
4344,34580
4345,34580
4346,33960
4346,36580
4347,34580
4350,36910
4352,33610
4352,34580
4352,36660
4352,36910
4353,36910
4354,36910
4355,36910
4356,36910
4357,33610
4357,36910
4358,36910
4359,36910
4360,36910
4361,36660
4361,36910
4362,36660
4363,36910
4364,36910
4365,36660
4365,36910
4370,36660
4371,36660
4372,36660
4373,36660
4374,36660
4375,36660
4376,36660
4377,36660
4378,36660
4380,36660
4381,36660
4382,36660
4383,17400
4383,36660
4384,33610
4385,14200
4385,33610
4387,33610
4388,33610
4390,33610
4400,36910
4401,36910
4402,36910
4403,36910
4404,36910
4404,37310
4405,36630
4405,36910
4405,37310
4406,33610
4406,37310
4407,36910
4408,37310
4410,37310
4411,37310
4412,37310
4413,37310
4415,37310
4416,37310
4417,34860
4418,37310
4419,30370
4419,37310
4420,30370
4420,37310
4421,37310
4422,37310
4423,34860
4423,37310
4424,37310
4425,37310
4426,34860
4427,34860
4427,37310
4428,34860
4454,34860
4454,37310
4455,34860
4461,34860
4462,34860
4465,34860
4467,34860
4467,35600
4468,35600
4470,35600
4471,35800
4472,30410
4472,30760
4474,36150
4475,36150
4477,35600
4478,30760
4478,35600
4479,35600
4480,36150
4481,30450
4482,32750
4486,30300
4487,30300
4487,34860
4488,30300
4488,34860
4488,35800
4489,35800
4490,35800
4491,35800
4492,31750
4493,11150
4493,31750
4493,35800
4494,33610
4496,33610
4497,30300
4497,33610
4498,33610
4500,35010
4501,35010
4502,35010
4503,35010
4504,35010
4505,35010
4506,35010
4507,35010
4508,35010
4509,35010
4510,35010
4511,35010
4512,35010
4514,35010
4514,36580
4515,36580
4516,35010
4517,36710
4518,36710
4519,36710
4520,31000
4520,35010
4521,35010
4550,36710
4551,36710
4552,35010
4552,36710
4553,36710
4554,36710
4555,36710
4556,36710
4557,36710
4558,36710
4559,36710
4560,36710
4561,36710
4562,36710
4563,33620
4563,36710
4564,36710
4565,36710
4566,36710
4567,36710
4568,36710
4569,36710
4570,33220
4570,33620
4571,36710
4572,36710
4573,36710
4574,33620
4574,36710
4575,36710
4580,33620
4581,33220
4581,33620
4600,33620
4601,33620
4605,32330
4605,33620
4605,36630
4606,36630
4608,36630
4610,36630
4610,37310
4611,36630
4612,36630
4613,36630
4614,36630
4614,36910
4615,33620
4615,36630
4620,33220
4621,31820
4621,33220
4621,35760
4625,35760
4626,35760
4626,37310
4627,35760
4630,31820
4630,35760
4650,33220
4655,33220
4659,33220
4660,31820
4660,33220
4662,33220
4670,31820
4671,31820
4671,35760
4673,31820
4674,31820
4674,33360
4676,33360
4677,33360
4678,33360
4680,33360
4694,33360
4695,33360
4697,33360
4699,36360
4700,36360
4701,36360
4702,30370
4702,32270
4702,36360
4703,36360
4704,36360
4705,33980
4705,36360
4706,36360
4707,33980
4709,32270
4710,36360
4711,36360
4712,32270
4712,37550
4713,37550
4714,36360
4715,30370
4716,30370
4717,32270
4718,30370
4718,32270
4719,30370
4720,32270
4721,32270
4721,33980
4722,32270
4723,32270
4724,30410
4725,30410
4726,30410
4727,34710
4728,30410
4730,30450
4730,34710
4731,34710
4732,30410
4733,37400
4735,32750
4735,37400
4736,30450
4737,33980
4737,34770
4738,33980
4738,34770
4739,33980
4740,34770
4741,33980
4741,34770
4741,37340
4742,33980
4743,33980
4744,33980
4745,32270
4745,33980
4746,33980
4750,34770
4751,34770
4753,34770
4754,34770
4756,34770
4757,34770
4798,34770
4799,34770
4800,34770
4800,37340
4801,37340
4802,37340
4803,37340
4804,37340
4805,37340
4806,31900
4807,31900
4808,31900
4809,31900
4809,35250
4810,37010
4811,37010
4812,37010
4813,37010
4814,37010
4815,37010
4816,31900
4816,32260
4816,32310
4816,33200
4816,33800
4816,34800
4816,35790
4816,37010
4817,32310
4817,37010
4818,37010
4819,37010
4820,32310
4820,33980
4821,33200
4822,32600
4822,36300
4823,30900
4823,32250
4823,34800
4823,37400
4824,31950
4824,32450
4825,30900
4825,31950
4825,32450
4825,35300
4825,70420
4828,35300
4829,30900
4829,32750
4830,31950
4830,32770
4849,32260
4850,32310
4850,33800
4852,32260
4854,32260
4855,32260
4856,32260
4857,32260
4858,32260
4859,32260
4860,32070
4860,32260
4861,32070
4865,32070
4868,32070
4869,32070
4870,32070
4871,30250
4871,32070
4871,32250
4871,32260
4871,32500
4871,32600
4871,33100
4871,34420
4871,34570
4871,35250
4871,36070
4871,36810
4871,37600
4872,36810
4873,32070
4874,32500
4874,34830
4874,35670
4874,37300
4875,36950
4875,36960
4876,35780
4876,36950
4877,32070
4878,32070
4879,32070
4880,36810
4881,36810
4882,36810
4883,36810
4884,36810
4885,36810
4886,36810
4887,36810
4888,36810
4890,32250
4891,32250
4895,32070
4895,32500
4895,33830
4895,37570
5000,40070
5005,40070
5006,40070
5006,48260
5007,41060
5008,41060
5008,45890
5009,41060
5010,45890
5011,41060
5012,41060
5012,45890
5013,41060
5013,45890
5014,41060
5014,45890
5015,45890
5016,45890
5017,45890
5018,45890
5019,41060
5019,45890
5020,41060
5021,41060
5022,41060
5023,41060
5024,41060
5024,48410
5025,41060
5031,48410
5032,48410
5033,48410
5034,47980
5035,47980
5035,48410
5037,44060
5037,48410
5038,44060
5038,48410
5039,44060
5039,44340
5040,48410
5041,44340
5042,44060
5042,44340
5042,45340
5043,44060
5044,42600
5044,44060
5045,42600
5045,48410
5046,44060
5047,44060
5047,45340
5048,42600
5048,44060
5049,42600
5049,44060
5050,44340
5051,44340
5051,45340
5052,44340
5061,47980
5062,44340
5063,40700
5063,47980
5064,40700
5064,44340
5064,47980
5065,40700
5066,40700
5067,40700
5067,45290
5068,40700
5068,45290
5069,45290
5070,45290
5070,45890
5072,40120
5072,40700
5072,40910
5073,40120
5073,40910
5074,40910
5074,45890
5075,40910
5075,45890
5075,47700
5076,40120
5076,40910
5081,46510
5081,48260
5082,41060
5082,46510
5083,45890
5083,46510
5084,45890
5085,45890
5086,45890
5086,47700
5087,45890
5088,45890
5088,47700
5089,47700
5090,47700
5091,47700
5092,47700
5093,45890
5093,47140
5093,47700
5094,45890
5094,47140
5095,47140
5096,47140
5096,47700
5097,47700
5098,45890
5098,47140
5106,47140
5107,47140
5108,47140
5109,47140
5109,47700
5110,45680
5110,47140
5111,45680
5111,47140
5112,45680
5112,47140
5113,45680
5114,40120
5114,42030
5114,45680
5114,47700
5115,42030
5115,45680
5116,42030
5116,45680
5117,45680
5118,40310
5118,42030
5118,43650
5118,45680
5120,45680
5121,45680
5125,47700
5126,47700
5127,47700
5131,40120
5131,47700
5132,40120
5133,40120
5134,40120
5136,40120
5137,40120
5138,40120
5139,40120
5140,40120
5141,40120
5142,40120
5144,40120
5150,40700
5150,44340
5151,40120
5152,40120
5152,40700
5152,44340
5153,40120
5153,40220
5153,44550
5153,45340
5154,40120
5155,40120
5155,44550
5156,40120
5156,44340
5157,40220
5157,44550
5157,45340
5158,44060
5158,45340
5159,44060
5159,45340
5160,45340
5161,45340
5162,45340
5163,45340
5164,45340
5165,45340
5166,45340
5167,45340
5168,45340
5169,45340
5170,45340
5171,45340
5172,40220
5172,44550
5172,45340
5172,48750
5173,45340
5174,45340
5174,48750
5201,40220
5201,44550
5202,48050
5202,48750
5203,48750
5204,48750
5210,40220
5210,48750
5211,40220
5211,48050
5211,48750
5212,40220
5213,40220
5214,40220
5220,42750
5221,42750
5222,42750
5223,42750
5231,40120
5232,40120
5233,40120
5234,40120
5234,44210
5235,40120
5235,40310
5235,44210
5236,44210
5237,44210
5238,43080
5238,44210
5238,45040
5240,40120
5241,40120
5242,40120
5243,40120
5243,44550
5244,40120
5244,44210
5244,44550
5245,40120
5245,44550
5250,40120
5250,44550
5251,44550
5252,40120
5252,44550
5252,45040
5253,44210
5253,45040
5254,44210
5254,44550
5254,45040
5255,40220
5255,45040
5256,40220
5259,45040
5259,47800
5260,45040
5260,47800
5261,47800
5262,45090
5263,48340
5264,43360
5264,47800
5265,47800
5266,47630
5266,47800
5267,47630
5267,47800
5268,45090
5268,47630
5269,47630
5270,47630
5271,43360
5271,45090
5271,47630
5271,48340
5272,45090
5272,46860
5273,43360
5273,45090
5275,43360
5275,46860
5276,46860
5276,48340
5277,42250
5277,48340
5278,42250
5278,48340
5279,48340
5280,42250
5280,46860
5280,48340
5290,44620
5291,42250
5291,44620
5291,48340
5301,47290
5301,47800
5302,47290
5302,47630
5303,47290
5304,43790
5304,47290
5306,43080
5307,43080
5307,47290
5308,43080
5308,43790
5309,43080
5310,43080
5310,43790
5311,43790
5320,42110
5320,43790
5320,44210
5321,44210
5322,43790
5330,40520
5330,43790
5330,44210
5331,43790
5332,40520
5332,43790
5333,43790
5340,46670
5340,49399
5341,46670
5342,40520
5343,40520
5343,43790
5343,46670
5343,49399
5344,40520
5345,40520
5346,40520
5350,40310
5350,43650
5351,40310
5351,43650
5352,40310
5352,43650
5353,40310
5353,44210
5354,43790
5354,44210
5355,40310
5355,43650
5356,40310
5356,42110
5356,43650
5356,44210
5357,43790
5357,44210
5360,43650
5371,43650
5372,43650
5373,43650
5374,42110
5374,43650
5374,44210
5381,42110
5400,43650
5401,41140
5401,43650
5401,48130
5410,41140
5410,43650
5411,41140
5412,41140
5413,41140
5413,42110
5414,41140
5415,41140
5416,41140
5416,42110
5417,42110
5418,42110
5419,42110
5420,42110
5420,45120
5421,42110
5422,45120
5422,45400
5422,45540
5431,44830
5431,45120
5431,45400
5432,41830
5432,44830
5432,45400
5433,41830
5433,44830
5433,46090
5434,41830
5440,45540
5440,46670
5440,49399
5451,41140
5452,41140
5453,41140
5453,48130
5454,45120
5455,41140
5460,43920
5460,48130
5461,41140
5461,48130
5462,48130
5464,41140
5464,46450
5464,48130
5470,45120
5471,45120
5472,45120
5473,45120
5480,44830
5480,45120
5481,44830
5482,44830
5483,44830
5485,44830
5490,45120
5491,45120
5493,45540
5495,44830
5501,43920
5501,45680
5501,48130
5502,43650
5502,43920
5502,48130
5510,48130
5520,40430
5520,48130
5521,46450
5522,40430
5522,46450
5523,40430
5523,44830
5523,45120
5523,46450
5540,44830
5540,46450
5550,40430
5550,48130
5552,40430
5552,41560
5552,48830
5554,40430
5554,41560
5555,40430
5555,41560
5555,46450
5555,48130
5555,48830
5556,41560
5558,41560
5558,48830
5560,40430
5560,48130
5570,48830
5571,48830
5572,48830
5573,48830
5575,48830
5576,48830
5577,48830
5580,48830
5581,48830
5582,48830
5583,48830
5600,46090
5600,48540
5600,49399
5601,46090
5601,48540
5601,49399
5602,41190
5602,41960
5603,41190
5604,47910
5605,47910
5606,43710
5606,46300
5607,41750
5607,43710
5607,47910
5608,48540
5609,48540
5630,43710
5631,43710
5631,47910
5632,43710
5633,41190
5633,41750
5640,41190
5640,43220
5641,43220
5642,41190
5650,43220
5650,48640
5651,48640
5652,48640
5653,48640
5654,41750
5654,47490
5654,48640
5655,47490
5655,48640
5660,47490
5661,41010
5661,47490
5670,41750
5671,41750
5671,47490
5680,41010
5680,47490
5690,41010
5690,44000
5690,49399
5700,46090
5710,44830
5710,46090
5710,48540
5710,49399
5720,49399
5722,49399
5723,41330
5724,40250
5724,49399
5725,46970
5725,49399
5730,49399
5731,49399
5732,49399
5733,49399
5734,49399
5950,48410
6000,57080
6000,58570
6003,57080
6003,58570
6004,57080
6004,58570
6005,57080
6005,57980
6005,58570
6006,58570
6007,51310
6007,58570
6008,51310
6008,56580
6008,57980
6009,56580
6009,57080
6009,57980
6010,51310
6010,51750
6010,52170
6010,56580
6011,52170
6011,55740
6011,56930
6012,55740
6014,51310
6014,56580
6014,57910
6014,57980
6015,51310
6015,57910
6016,57910
6016,58570
6017,57910
6018,57910
6019,51310
6019,57910
6020,54170
6020,57910
6021,57910
6022,57910
6023,54170
6024,54170
6025,54170
6026,54170
6026,58760
6027,54170
6028,54170
6029,57910
6030,58760
6031,58760
6032,58760
6033,58760
6034,58760
6035,58760
6036,58760
6037,58760
6038,58760
6041,53570
6042,53570
6043,53570
6044,52590
6044,53570
6050,50420
6050,57910
6050,58570
6051,50420
6051,57910
6052,50420
6052,57910
6053,50420
6054,50350
6054,50420
6054,58050
6055,56090
6055,58050
6056,56090
6056,58050
6057,54200
6058,54200
6059,50420
6059,57910
6060,57910
6061,57910
6061,58760
6062,50420
6062,57910
6062,58050
6063,58050
6064,54170
6064,58050
6064,58760
6065,54170
6065,58760
6066,58050
6067,58050
6068,58050
6069,58050
6070,56090
6071,56090
6072,56090
6073,56090
6074,56090
6076,54200
6077,58760
6078,58760
6079,58050
6081,56090
6082,56090
6083,56090
6083,58050
6083,58330
6084,51680
6084,58050
6090,58050
6100,50490
6100,58510
6101,50490
6101,58510
6102,51330
6102,58510
6103,50490
6104,50490
6105,50490
6105,54200
6106,51330
6106,58510
6107,51330
6107,53780
6107,54200
6108,53780
6109,53780
6110,53780
6111,50210
6111,54200
6112,50210
6112,53780
6121,57700
6122,57700
6123,57700
6124,57700
6125,57700
6126,56230
6126,57700
6147,51330
6147,53780
6148,51330
6149,51330
6149,51820
6149,55320
6150,55320
6151,57840
6151,58510
6152,57840
6153,55320
6154,55320
6155,51330
6155,53780
6156,55320
6157,53150
6157,55320
6158,53150
6159,53430
6160,53430
6161,51820
6162,53430
6163,51820
6163,53430
6163,55320
6164,51820
6165,54830
6166,51820
6167,54830
6168,57490
6169,57490
6170,54830
6171,57490
6172,57490
6173,57490
6174,57490
6175,57490
6176,57490
6180,55110
6180,56230
6181,56230
6182,56230
6182,57490
6182,57700
6207,56230
6208,56230
6209,55110
6209,56230
6210,55110
6211,55110
6213,50630
6213,56230
6214,56230
6214,58820
6215,53990
6215,58820
6218,53990
6220,53990
6221,53990
6223,53990
6224,53990
6225,50770
6225,51890
6225,52870
6225,58890
6226,53990
6227,52660
6228,52660
6229,51190
6229,52660
6230,51190
6230,51400
6232,52660
6233,51190
6233,53990
6236,52660
6237,51400
6237,52660
6239,52870
6240,52870
6243,50770
6243,52870
6244,50770
6244,58890
6251,52870
6252,52870
6253,52870
6254,50840
6254,52870
6255,50770
6255,50840
6256,50840
6258,55180
6258,56300
6260,55180
6260,56300
6262,55180
6271,51400
6275,51260
6275,52870
6275,56300
6280,51260
6280,51400
6281,51260
6282,51260
6284,50280
6285,50280
6286,50280
6288,50280
6288,56300
6290,50280
6302,50560
6302,59370
6304,50560
6306,50910
6306,52100
6308,57140
6308,58680
6308,59100
6309,52310
6311,52310
6312,56450
6312,56520
6312,59100
6313,56450
6315,53010
6315,58610
6315,58890
6316,58610
6316,59320
6317,53010
6317,54340
6318,51080
6320,51080
6321,52240
6322,52240
6323,57210
6324,50080
6324,57210
6326,57210
6327,50080
6328,50080
6330,50080
6333,52730
6335,53640
6336,53640
6336,54130
6337,54130
6337,57420
6338,50080
6338,53640
6338,54130
6341,54480
6343,54480
6346,54130
6346,57420
6348,57420
6350,53010
6351,53010
6352,53010
6353,53010
6353,54900
6355,54760
6355,54900
6356,54900
6356,57420
6357,54760
6358,54620
6359,54620
6361,59100
6363,54760
6363,54900
6363,59100
6365,54760
6367,54620
6368,56370
6369,56370
6370,59100
6372,59100
6373,52100
6375,52100
6383,57350
6384,57350
6385,51120
6386,51120
6390,50630
6390,58680
6391,50630
6391,56450
6391,59170
6392,58890
6392,59170
6393,58890
6394,54550
6394,58890
6394,59320
6395,50770
6395,54550
6396,52240
6397,57210
6398,55180
6401,53710
6401,56730
6403,56730
6405,52450
6407,52450
6409,58190
6410,54410
6411,54410
6412,54410
6413,55460
6414,55460
6415,55460
6418,51120
6419,51120
6420,55460
6420,56370
6421,55460
6421,59030
6422,59030
6423,59030
6423,59360
6424,59030
6424,59360
6425,59360
6426,59360
6427,59360
6428,51120
6429,51960
6430,54280
6431,54280
6431,55390
6431,56620
6432,54280
6434,54280
6436,55390
6436,57630
6437,55040
6438,55040
6440,54970
6442,51960
6443,51960
6443,53080
6445,53290
6446,53290
6447,53290
6448,53290
6450,53290
6450,57420
6452,53290
6460,53710
6461,52940
6462,52940
6463,59330
6465,52940
6466,59310
6467,59310
6468,52520
6470,54690
6472,55880
6473,55880
6473,55950
6475,54690
6476,55880
6477,55880
6479,55950
6480,55460
6484,59360
6485,59330
6487,58400
6488,58400
6489,58400
6490,56860
6501,51680
6502,51680
6502,58330
6503,51680
6503,53570
6504,51680
6505,51680
6506,51680
6506,58540
6507,52590
6507,53570
6509,58540
6510,55600
6510,58540
6511,52590
6512,55600
6513,52030
6513,55600
6514,52030
6515,52030
6516,52590
6517,51470
6518,51470
6518,52030
6519,58260
6521,52590
6522,55530
6525,54060
6528,53520
6530,51610
6530,53520
6532,51610
6532,53520
6532,56790
6532,57770
6535,56790
6536,56790
6537,57770
6556,56090
6558,56090
6558,56730
6560,56090
6560,56730
6562,56730
6564,56730
6566,56730
6566,58330
6566,58540
6567,58330
6568,58330
6568,58540
6569,58540
6571,58540
6572,58540
6574,55600
6575,55600
6603,53710
6603,58540
6603,59310
6605,59310
6606,59310
6608,52520
6609,52520
6612,52520
6612,59350
6613,52520
6614,57000
6616,57000
6620,57000
6623,55670
6623,57000
6625,55670
6627,55670
6628,56020
6630,56020
6630,56160
6631,56020
6632,56020
6635,55670
6635,56160
6635,59350
6638,55810
6639,57630
6640,52380
6640,55810
6640,56160
6642,55250
6646,59250
6701,51540
6701,53360
6705,58470
6707,53360
6710,50250
6710,51540
6711,50250
6712,50250
6713,57560
6714,57560
6716,50250
6718,57560
6720,57560
6721,53220
6721,57280
6722,57280
6725,50980
6725,52800
6726,50980
6728,52800
6731,52800
6733,52800
6740,59340
6743,53920
6743,59340
6751,50250
6753,53220
6754,50250
6758,53220
6760,53220
6760,57280
6762,53220
6765,52800
6770,52800
6770,53920
6798,99399
6799,99399
6907,57080
6907,57980
7000,62810
7001,63010
7001,65210
7004,62810
7005,62810
7007,62810
7007,63610
7008,62610
7008,62810
7009,62610
7010,62610
7011,61510
7011,62610
7012,61510
7012,62610
7015,61410
7016,61410
7017,60410
7017,61410
7017,65010
7018,61410
7019,61410
7020,61410
7021,61410
7022,61410
7023,61410
7024,61410
7025,61410
7026,61410
7026,65010
7027,65010
7030,60410
7030,61010
7030,61510
7030,62610
7030,65010
7050,62810
7050,63610
7052,63610
7053,63610
7054,62810
7054,63010
7054,63610
7055,63610
7109,63010
7109,63610
7112,63010
7113,63010
7116,63010
7117,63010
7119,65010
7120,62410
7120,64610
7120,65010
7139,61510
7140,60410
7140,61010
7140,61510
7150,63010
7150,63610
7155,63610
7162,63610
7163,63010
7163,63610
7170,61410
7171,64810
7172,61410
7172,62410
7172,64810
7172,65010
7173,64810
7174,64810
7175,64810
7176,64810
7177,64810
7177,65210
7178,65210
7179,65210
7180,65210
7182,65210
7183,65210
7184,65210
7185,65210
7186,65210
7187,65210
7190,62410
7190,65010
7209,64610
7210,64610
7211,64610
7212,64010
7212,64610
7213,60210
7213,62410
7213,64610
7214,60210
7215,60210
7215,62410
7216,60210
7248,64010
7249,64010
7250,64010
7250,64210
7250,65810
7252,62210
7252,64010
7253,62210
7254,61810
7254,62210
7254,64010
7255,62010
7256,63410
7257,62010
7258,64010
7258,64610
7259,64010
7260,61810
7261,61810
7262,61810
7263,60210
7263,61810
7264,60210
7264,61810
7265,61810
7267,62210
7267,64010
7268,64010
7270,65810
7275,63810
7275,65810
7276,65810
7277,64210
7277,65810
7290,64210
7291,64210
7291,64610
7292,64210
7300,64610
7301,64210
7301,64610
7302,64210
7302,64610
7303,64210
7303,65810
7304,61010
7304,63210
7304,63810
7304,64210
7305,63210
7305,63810
7306,63210
7306,64210
7307,61610
7307,63810
7310,60810
7310,61610
7310,63210
7310,63810
7315,60810
7315,61610
7316,60610
7316,60810
7320,60610
7321,60610
7321,61210
7321,65410
7321,65610
7322,65410
7325,65410
7330,61210
7331,61210
7466,65610
7467,65610
7468,65610
7469,65610
7470,65610